DATAFLOW,LAST UPDATE,freq,unit,s_adj,na_item,geo,TIME_PERIOD,OBS_VALUE,OBS_FLAG,CONF_STATUS
ESTAT:NAMQ_10_GDP(1.0),30/04/26 11:00:00,Quarterly,"Chain linked volumes, index 2015=100","Calendar adjusted data, not seasonally adjusted data","Value added, gross",Czechia,1996-Q1,60.605,,
ESTAT:NAMQ_10_GDP(1.0),30/04/26 11:00:00,Quarterly,"Chain linked volumes, index 2015=100","Calendar adjusted data, not seasonally adjusted data","Value added, gross",Czechia,1996-Q2,65.502,,
ESTAT:NAMQ_10_GDP(1.0),30/04/26 11:00:00,Quarterly,"Chain linked volumes, index 2015=100","Calendar adjusted data, not seasonally adjusted data","Value added, gross",Czechia,1996-Q3,66.301,,
ESTAT:NAMQ_10_GDP(1.0),30/04/26 11:00:00,Quarterly,"Chain linked volumes, index 2015=100","Calendar adjusted data, not seasonally adjusted data","Value added, gross",Czechia,1996-Q4,66.546,,
ESTAT:NAMQ_10_GDP(1.0),30/04/26 11:00:00,Quarterly,"Chain linked volumes, index 2015=100","Calendar adjusted data, not seasonally adjusted data","Value added, gross",Czechia,1997-Q1,60.773,,
ESTAT:NAMQ_10_GDP(1.0),30/04/26 11:00:00,Quarterly,"Chain linked volumes, index 2015=100","Calendar adjusted data, not seasonally adjusted data","Value added, gross",Czechia,1997-Q2,64.890,,
ESTAT:NAMQ_10_GDP(1.0),30/04/26 11:00:00,Quarterly,"Chain linked volumes, index 2015=100","Calendar adjusted data, not seasonally adjusted data","Value added, gross",Czechia,1997-Q3,64.936,,
ESTAT:NAMQ_10_GDP(1.0),30/04/26 11:00:00,Quarterly,"Chain linked volumes, index 2015=100","Calendar adjusted data, not seasonally adjusted data","Value added, gross",Czechia,1997-Q4,64.895,,
ESTAT:NAMQ_10_GDP(1.0),30/04/26 11:00:00,Quarterly,"Chain linked volumes, index 2015=100","Calendar adjusted data, not seasonally adjusted data","Value added, gross",Czechia,1998-Q1,59.833,,
ESTAT:NAMQ_10_GDP(1.0),30/04/26 11:00:00,Quarterly,"Chain linked volumes, index 2015=100","Calendar adjusted data, not seasonally adjusted data","Value added, gross",Czechia,1998-Q2,64.393,,
ESTAT:NAMQ_10_GDP(1.0),30/04/26 11:00:00,Quarterly,"Chain linked volumes, index 2015=100","Calendar adjusted data, not seasonally adjusted data","Value added, gross",Czechia,1998-Q3,65.030,,
ESTAT:NAMQ_10_GDP(1.0),30/04/26 11:00:00,Quarterly,"Chain linked volumes, index 2015=100","Calendar adjusted data, not seasonally adjusted data","Value added, gross",Czechia,1998-Q4,65.312,,
ESTAT:NAMQ_10_GDP(1.0),30/04/26 11:00:00,Quarterly,"Chain linked volumes, index 2015=100","Calendar adjusted data, not seasonally adjusted data","Value added, gross",Czechia,1999-Q1,60.146,,
ESTAT:NAMQ_10_GDP(1.0),30/04/26 11:00:00,Quarterly,"Chain linked volumes, index 2015=100","Calendar adjusted data, not seasonally adjusted data","Value added, gross",Czechia,1999-Q2,64.605,,
ESTAT:NAMQ_10_GDP(1.0),30/04/26 11:00:00,Quarterly,"Chain linked volumes, index 2015=100","Calendar adjusted data, not seasonally adjusted data","Value added, gross",Czechia,1999-Q3,65.954,,
ESTAT:NAMQ_10_GDP(1.0),30/04/26 11:00:00,Quarterly,"Chain linked volumes, index 2015=100","Calendar adjusted data, not seasonally adjusted data","Value added, gross",Czechia,1999-Q4,67.092,,
ESTAT:NAMQ_10_GDP(1.0),30/04/26 11:00:00,Quarterly,"Chain linked volumes, index 2015=100","Calendar adjusted data, not seasonally adjusted data","Value added, gross",Czechia,2000-Q1,62.779,,
ESTAT:NAMQ_10_GDP(1.0),30/04/26 11:00:00,Quarterly,"Chain linked volumes, index 2015=100","Calendar adjusted data, not seasonally adjusted data","Value added, gross",Czechia,2000-Q2,67.641,,
ESTAT:NAMQ_10_GDP(1.0),30/04/26 11:00:00,Quarterly,"Chain linked volumes, index 2015=100","Calendar adjusted data, not seasonally adjusted data","Value added, gross",Czechia,2000-Q3,69.371,,
ESTAT:NAMQ_10_GDP(1.0),30/04/26 11:00:00,Quarterly,"Chain linked volumes, index 2015=100","Calendar adjusted data, not seasonally adjusted data","Value added, gross",Czechia,2000-Q4,69.854,,
ESTAT:NAMQ_10_GDP(1.0),30/04/26 11:00:00,Quarterly,"Chain linked volumes, index 2015=100","Calendar adjusted data, not seasonally adjusted data","Value added, gross",Czechia,2001-Q1,65.254,,
ESTAT:NAMQ_10_GDP(1.0),30/04/26 11:00:00,Quarterly,"Chain linked volumes, index 2015=100","Calendar adjusted data, not seasonally adjusted data","Value added, gross",Czechia,2001-Q2,69.683,,
ESTAT:NAMQ_10_GDP(1.0),30/04/26 11:00:00,Quarterly,"Chain linked volumes, index 2015=100","Calendar adjusted data, not seasonally adjusted data","Value added, gross",Czechia,2001-Q3,70.824,,
ESTAT:NAMQ_10_GDP(1.0),30/04/26 11:00:00,Quarterly,"Chain linked volumes, index 2015=100","Calendar adjusted data, not seasonally adjusted data","Value added, gross",Czechia,2001-Q4,71.770,,
ESTAT:NAMQ_10_GDP(1.0),30/04/26 11:00:00,Quarterly,"Chain linked volumes, index 2015=100","Calendar adjusted data, not seasonally adjusted data","Value added, gross",Czechia,2002-Q1,66.271,,
ESTAT:NAMQ_10_GDP(1.0),30/04/26 11:00:00,Quarterly,"Chain linked volumes, index 2015=100","Calendar adjusted data, not seasonally adjusted data","Value added, gross",Czechia,2002-Q2,71.047,,
ESTAT:NAMQ_10_GDP(1.0),30/04/26 11:00:00,Quarterly,"Chain linked volumes, index 2015=100","Calendar adjusted data, not seasonally adjusted data","Value added, gross",Czechia,2002-Q3,72.157,,
ESTAT:NAMQ_10_GDP(1.0),30/04/26 11:00:00,Quarterly,"Chain linked volumes, index 2015=100","Calendar adjusted data, not seasonally adjusted data","Value added, gross",Czechia,2002-Q4,73.293,,
ESTAT:NAMQ_10_GDP(1.0),30/04/26 11:00:00,Quarterly,"Chain linked volumes, index 2015=100","Calendar adjusted data, not seasonally adjusted data","Value added, gross",Czechia,2003-Q1,67.764,,
ESTAT:NAMQ_10_GDP(1.0),30/04/26 11:00:00,Quarterly,"Chain linked volumes, index 2015=100","Calendar adjusted data, not seasonally adjusted data","Value added, gross",Czechia,2003-Q2,72.720,,
ESTAT:NAMQ_10_GDP(1.0),30/04/26 11:00:00,Quarterly,"Chain linked volumes, index 2015=100","Calendar adjusted data, not seasonally adjusted data","Value added, gross",Czechia,2003-Q3,74.155,,
ESTAT:NAMQ_10_GDP(1.0),30/04/26 11:00:00,Quarterly,"Chain linked volumes, index 2015=100","Calendar adjusted data, not seasonally adjusted data","Value added, gross",Czechia,2003-Q4,75.673,,
ESTAT:NAMQ_10_GDP(1.0),30/04/26 11:00:00,Quarterly,"Chain linked volumes, index 2015=100","Calendar adjusted data, not seasonally adjusted data","Value added, gross",Czechia,2004-Q1,70.474,,
ESTAT:NAMQ_10_GDP(1.0),30/04/26 11:00:00,Quarterly,"Chain linked volumes, index 2015=100","Calendar adjusted data, not seasonally adjusted data","Value added, gross",Czechia,2004-Q2,75.764,,
ESTAT:NAMQ_10_GDP(1.0),30/04/26 11:00:00,Quarterly,"Chain linked volumes, index 2015=100","Calendar adjusted data, not seasonally adjusted data","Value added, gross",Czechia,2004-Q3,77.509,,
ESTAT:NAMQ_10_GDP(1.0),30/04/26 11:00:00,Quarterly,"Chain linked volumes, index 2015=100","Calendar adjusted data, not seasonally adjusted data","Value added, gross",Czechia,2004-Q4,79.958,,
ESTAT:NAMQ_10_GDP(1.0),30/04/26 11:00:00,Quarterly,"Chain linked volumes, index 2015=100","Calendar adjusted data, not seasonally adjusted data","Value added, gross",Czechia,2005-Q1,74.470,,
ESTAT:NAMQ_10_GDP(1.0),30/04/26 11:00:00,Quarterly,"Chain linked volumes, index 2015=100","Calendar adjusted data, not seasonally adjusted data","Value added, gross",Czechia,2005-Q2,80.682,,
ESTAT:NAMQ_10_GDP(1.0),30/04/26 11:00:00,Quarterly,"Chain linked volumes, index 2015=100","Calendar adjusted data, not seasonally adjusted data","Value added, gross",Czechia,2005-Q3,82.641,,
ESTAT:NAMQ_10_GDP(1.0),30/04/26 11:00:00,Quarterly,"Chain linked volumes, index 2015=100","Calendar adjusted data, not seasonally adjusted data","Value added, gross",Czechia,2005-Q4,85.948,,
ESTAT:NAMQ_10_GDP(1.0),30/04/26 11:00:00,Quarterly,"Chain linked volumes, index 2015=100","Calendar adjusted data, not seasonally adjusted data","Value added, gross",Czechia,2006-Q1,79.838,,
ESTAT:NAMQ_10_GDP(1.0),30/04/26 11:00:00,Quarterly,"Chain linked volumes, index 2015=100","Calendar adjusted data, not seasonally adjusted data","Value added, gross",Czechia,2006-Q2,87.147,,
ESTAT:NAMQ_10_GDP(1.0),30/04/26 11:00:00,Quarterly,"Chain linked volumes, index 2015=100","Calendar adjusted data, not seasonally adjusted data","Value added, gross",Czechia,2006-Q3,88.738,,
ESTAT:NAMQ_10_GDP(1.0),30/04/26 11:00:00,Quarterly,"Chain linked volumes, index 2015=100","Calendar adjusted data, not seasonally adjusted data","Value added, gross",Czechia,2006-Q4,91.625,,
ESTAT:NAMQ_10_GDP(1.0),30/04/26 11:00:00,Quarterly,"Chain linked volumes, index 2015=100","Calendar adjusted data, not seasonally adjusted data","Value added, gross",Czechia,2007-Q1,84.978,,
ESTAT:NAMQ_10_GDP(1.0),30/04/26 11:00:00,Quarterly,"Chain linked volumes, index 2015=100","Calendar adjusted data, not seasonally adjusted data","Value added, gross",Czechia,2007-Q2,91.414,,
ESTAT:NAMQ_10_GDP(1.0),30/04/26 11:00:00,Quarterly,"Chain linked volumes, index 2015=100","Calendar adjusted data, not seasonally adjusted data","Value added, gross",Czechia,2007-Q3,92.847,,
ESTAT:NAMQ_10_GDP(1.0),30/04/26 11:00:00,Quarterly,"Chain linked volumes, index 2015=100","Calendar adjusted data, not seasonally adjusted data","Value added, gross",Czechia,2007-Q4,96.124,,
ESTAT:NAMQ_10_GDP(1.0),30/04/26 11:00:00,Quarterly,"Chain linked volumes, index 2015=100","Calendar adjusted data, not seasonally adjusted data","Value added, gross",Czechia,2008-Q1,89.375,,
ESTAT:NAMQ_10_GDP(1.0),30/04/26 11:00:00,Quarterly,"Chain linked volumes, index 2015=100","Calendar adjusted data, not seasonally adjusted data","Value added, gross",Czechia,2008-Q2,95.439,,
ESTAT:NAMQ_10_GDP(1.0),30/04/26 11:00:00,Quarterly,"Chain linked volumes, index 2015=100","Calendar adjusted data, not seasonally adjusted data","Value added, gross",Czechia,2008-Q3,96.342,,
ESTAT:NAMQ_10_GDP(1.0),30/04/26 11:00:00,Quarterly,"Chain linked volumes, index 2015=100","Calendar adjusted data, not seasonally adjusted data","Value added, gross",Czechia,2008-Q4,96.392,,
ESTAT:NAMQ_10_GDP(1.0),30/04/26 11:00:00,Quarterly,"Chain linked volumes, index 2015=100","Calendar adjusted data, not seasonally adjusted data","Value added, gross",Czechia,2009-Q1,84.734,,
ESTAT:NAMQ_10_GDP(1.0),30/04/26 11:00:00,Quarterly,"Chain linked volumes, index 2015=100","Calendar adjusted data, not seasonally adjusted data","Value added, gross",Czechia,2009-Q2,89.746,,
ESTAT:NAMQ_10_GDP(1.0),30/04/26 11:00:00,Quarterly,"Chain linked volumes, index 2015=100","Calendar adjusted data, not seasonally adjusted data","Value added, gross",Czechia,2009-Q3,90.845,,
ESTAT:NAMQ_10_GDP(1.0),30/04/26 11:00:00,Quarterly,"Chain linked volumes, index 2015=100","Calendar adjusted data, not seasonally adjusted data","Value added, gross",Czechia,2009-Q4,92.191,,
ESTAT:NAMQ_10_GDP(1.0),30/04/26 11:00:00,Quarterly,"Chain linked volumes, index 2015=100","Calendar adjusted data, not seasonally adjusted data","Value added, gross",Czechia,2010-Q1,85.590,,
ESTAT:NAMQ_10_GDP(1.0),30/04/26 11:00:00,Quarterly,"Chain linked volumes, index 2015=100","Calendar adjusted data, not seasonally adjusted data","Value added, gross",Czechia,2010-Q2,92.680,,
ESTAT:NAMQ_10_GDP(1.0),30/04/26 11:00:00,Quarterly,"Chain linked volumes, index 2015=100","Calendar adjusted data, not seasonally adjusted data","Value added, gross",Czechia,2010-Q3,94.380,,
ESTAT:NAMQ_10_GDP(1.0),30/04/26 11:00:00,Quarterly,"Chain linked volumes, index 2015=100","Calendar adjusted data, not seasonally adjusted data","Value added, gross",Czechia,2010-Q4,96.160,,
ESTAT:NAMQ_10_GDP(1.0),30/04/26 11:00:00,Quarterly,"Chain linked volumes, index 2015=100","Calendar adjusted data, not seasonally adjusted data","Value added, gross",Czechia,2011-Q1,88.225,,
ESTAT:NAMQ_10_GDP(1.0),30/04/26 11:00:00,Quarterly,"Chain linked volumes, index 2015=100","Calendar adjusted data, not seasonally adjusted data","Value added, gross",Czechia,2011-Q2,94.920,,
ESTAT:NAMQ_10_GDP(1.0),30/04/26 11:00:00,Quarterly,"Chain linked volumes, index 2015=100","Calendar adjusted data, not seasonally adjusted data","Value added, gross",Czechia,2011-Q3,95.485,,
ESTAT:NAMQ_10_GDP(1.0),30/04/26 11:00:00,Quarterly,"Chain linked volumes, index 2015=100","Calendar adjusted data, not seasonally adjusted data","Value added, gross",Czechia,2011-Q4,96.685,,
ESTAT:NAMQ_10_GDP(1.0),30/04/26 11:00:00,Quarterly,"Chain linked volumes, index 2015=100","Calendar adjusted data, not seasonally adjusted data","Value added, gross",Czechia,2012-Q1,88.983,,
ESTAT:NAMQ_10_GDP(1.0),30/04/26 11:00:00,Quarterly,"Chain linked volumes, index 2015=100","Calendar adjusted data, not seasonally adjusted data","Value added, gross",Czechia,2012-Q2,94.258,,
ESTAT:NAMQ_10_GDP(1.0),30/04/26 11:00:00,Quarterly,"Chain linked volumes, index 2015=100","Calendar adjusted data, not seasonally adjusted data","Value added, gross",Czechia,2012-Q3,94.076,,
ESTAT:NAMQ_10_GDP(1.0),30/04/26 11:00:00,Quarterly,"Chain linked volumes, index 2015=100","Calendar adjusted data, not seasonally adjusted data","Value added, gross",Czechia,2012-Q4,95.182,,
ESTAT:NAMQ_10_GDP(1.0),30/04/26 11:00:00,Quarterly,"Chain linked volumes, index 2015=100","Calendar adjusted data, not seasonally adjusted data","Value added, gross",Czechia,2013-Q1,88.045,,
ESTAT:NAMQ_10_GDP(1.0),30/04/26 11:00:00,Quarterly,"Chain linked volumes, index 2015=100","Calendar adjusted data, not seasonally adjusted data","Value added, gross",Czechia,2013-Q2,94.207,,
ESTAT:NAMQ_10_GDP(1.0),30/04/26 11:00:00,Quarterly,"Chain linked volumes, index 2015=100","Calendar adjusted data, not seasonally adjusted data","Value added, gross",Czechia,2013-Q3,94.386,,
ESTAT:NAMQ_10_GDP(1.0),30/04/26 11:00:00,Quarterly,"Chain linked volumes, index 2015=100","Calendar adjusted data, not seasonally adjusted data","Value added, gross",Czechia,2013-Q4,95.855,,
ESTAT:NAMQ_10_GDP(1.0),30/04/26 11:00:00,Quarterly,"Chain linked volumes, index 2015=100","Calendar adjusted data, not seasonally adjusted data","Value added, gross",Czechia,2014-Q1,89.856,,
ESTAT:NAMQ_10_GDP(1.0),30/04/26 11:00:00,Quarterly,"Chain linked volumes, index 2015=100","Calendar adjusted data, not seasonally adjusted data","Value added, gross",Czechia,2014-Q2,96.641,,
ESTAT:NAMQ_10_GDP(1.0),30/04/26 11:00:00,Quarterly,"Chain linked volumes, index 2015=100","Calendar adjusted data, not seasonally adjusted data","Value added, gross",Czechia,2014-Q3,97.423,,
ESTAT:NAMQ_10_GDP(1.0),30/04/26 11:00:00,Quarterly,"Chain linked volumes, index 2015=100","Calendar adjusted data, not seasonally adjusted data","Value added, gross",Czechia,2014-Q4,99.128,,
ESTAT:NAMQ_10_GDP(1.0),30/04/26 11:00:00,Quarterly,"Chain linked volumes, index 2015=100","Calendar adjusted data, not seasonally adjusted data","Value added, gross",Czechia,2015-Q1,93.574,,
ESTAT:NAMQ_10_GDP(1.0),30/04/26 11:00:00,Quarterly,"Chain linked volumes, index 2015=100","Calendar adjusted data, not seasonally adjusted data","Value added, gross",Czechia,2015-Q2,100.884,,
ESTAT:NAMQ_10_GDP(1.0),30/04/26 11:00:00,Quarterly,"Chain linked volumes, index 2015=100","Calendar adjusted data, not seasonally adjusted data","Value added, gross",Czechia,2015-Q3,102.211,,
ESTAT:NAMQ_10_GDP(1.0),30/04/26 11:00:00,Quarterly,"Chain linked volumes, index 2015=100","Calendar adjusted data, not seasonally adjusted data","Value added, gross",Czechia,2015-Q4,103.331,,
ESTAT:NAMQ_10_GDP(1.0),30/04/26 11:00:00,Quarterly,"Chain linked volumes, index 2015=100","Calendar adjusted data, not seasonally adjusted data","Value added, gross",Czechia,2016-Q1,96.482,,
ESTAT:NAMQ_10_GDP(1.0),30/04/26 11:00:00,Quarterly,"Chain linked volumes, index 2015=100","Calendar adjusted data, not seasonally adjusted data","Value added, gross",Czechia,2016-Q2,103.171,,
ESTAT:NAMQ_10_GDP(1.0),30/04/26 11:00:00,Quarterly,"Chain linked volumes, index 2015=100","Calendar adjusted data, not seasonally adjusted data","Value added, gross",Czechia,2016-Q3,104.246,,
ESTAT:NAMQ_10_GDP(1.0),30/04/26 11:00:00,Quarterly,"Chain linked volumes, index 2015=100","Calendar adjusted data, not seasonally adjusted data","Value added, gross",Czechia,2016-Q4,105.904,,
ESTAT:NAMQ_10_GDP(1.0),30/04/26 11:00:00,Quarterly,"Chain linked volumes, index 2015=100","Calendar adjusted data, not seasonally adjusted data","Value added, gross",Czechia,2017-Q1,100.073,,
ESTAT:NAMQ_10_GDP(1.0),30/04/26 11:00:00,Quarterly,"Chain linked volumes, index 2015=100","Calendar adjusted data, not seasonally adjusted data","Value added, gross",Czechia,2017-Q2,109.652,,
ESTAT:NAMQ_10_GDP(1.0),30/04/26 11:00:00,Quarterly,"Chain linked volumes, index 2015=100","Calendar adjusted data, not seasonally adjusted data","Value added, gross",Czechia,2017-Q3,110.582,,
ESTAT:NAMQ_10_GDP(1.0),30/04/26 11:00:00,Quarterly,"Chain linked volumes, index 2015=100","Calendar adjusted data, not seasonally adjusted data","Value added, gross",Czechia,2017-Q4,111.622,,
ESTAT:NAMQ_10_GDP(1.0),30/04/26 11:00:00,Quarterly,"Chain linked volumes, index 2015=100","Calendar adjusted data, not seasonally adjusted data","Value added, gross",Czechia,2018-Q1,104.584,,
ESTAT:NAMQ_10_GDP(1.0),30/04/26 11:00:00,Quarterly,"Chain linked volumes, index 2015=100","Calendar adjusted data, not seasonally adjusted data","Value added, gross",Czechia,2018-Q2,112.229,,
ESTAT:NAMQ_10_GDP(1.0),30/04/26 11:00:00,Quarterly,"Chain linked volumes, index 2015=100","Calendar adjusted data, not seasonally adjusted data","Value added, gross",Czechia,2018-Q3,113.114,,
ESTAT:NAMQ_10_GDP(1.0),30/04/26 11:00:00,Quarterly,"Chain linked volumes, index 2015=100","Calendar adjusted data, not seasonally adjusted data","Value added, gross",Czechia,2018-Q4,114.771,,
ESTAT:NAMQ_10_GDP(1.0),30/04/26 11:00:00,Quarterly,"Chain linked volumes, index 2015=100","Calendar adjusted data, not seasonally adjusted data","Value added, gross",Czechia,2019-Q1,108.261,,
ESTAT:NAMQ_10_GDP(1.0),30/04/26 11:00:00,Quarterly,"Chain linked volumes, index 2015=100","Calendar adjusted data, not seasonally adjusted data","Value added, gross",Czechia,2019-Q2,116.451,,
ESTAT:NAMQ_10_GDP(1.0),30/04/26 11:00:00,Quarterly,"Chain linked volumes, index 2015=100","Calendar adjusted data, not seasonally adjusted data","Value added, gross",Czechia,2019-Q3,117.149,,
ESTAT:NAMQ_10_GDP(1.0),30/04/26 11:00:00,Quarterly,"Chain linked volumes, index 2015=100","Calendar adjusted data, not seasonally adjusted data","Value added, gross",Czechia,2019-Q4,118.556,,
ESTAT:NAMQ_10_GDP(1.0),30/04/26 11:00:00,Quarterly,"Chain linked volumes, index 2015=100","Calendar adjusted data, not seasonally adjusted data","Value added, gross",Czechia,2020-Q1,107.069,,
ESTAT:NAMQ_10_GDP(1.0),30/04/26 11:00:00,Quarterly,"Chain linked volumes, index 2015=100","Calendar adjusted data, not seasonally adjusted data","Value added, gross",Czechia,2020-Q2,104.103,,
ESTAT:NAMQ_10_GDP(1.0),30/04/26 11:00:00,Quarterly,"Chain linked volumes, index 2015=100","Calendar adjusted data, not seasonally adjusted data","Value added, gross",Czechia,2020-Q3,112.226,,
ESTAT:NAMQ_10_GDP(1.0),30/04/26 11:00:00,Quarterly,"Chain linked volumes, index 2015=100","Calendar adjusted data, not seasonally adjusted data","Value added, gross",Czechia,2020-Q4,113.678,,
ESTAT:NAMQ_10_GDP(1.0),30/04/26 11:00:00,Quarterly,"Chain linked volumes, index 2015=100","Calendar adjusted data, not seasonally adjusted data","Value added, gross",Czechia,2021-Q1,105.739,,
ESTAT:NAMQ_10_GDP(1.0),30/04/26 11:00:00,Quarterly,"Chain linked volumes, index 2015=100","Calendar adjusted data, not seasonally adjusted data","Value added, gross",Czechia,2021-Q2,114.409,,
ESTAT:NAMQ_10_GDP(1.0),30/04/26 11:00:00,Quarterly,"Chain linked volumes, index 2015=100","Calendar adjusted data, not seasonally adjusted data","Value added, gross",Czechia,2021-Q3,116.257,,
ESTAT:NAMQ_10_GDP(1.0),30/04/26 11:00:00,Quarterly,"Chain linked volumes, index 2015=100","Calendar adjusted data, not seasonally adjusted data","Value added, gross",Czechia,2021-Q4,117.564,,
ESTAT:NAMQ_10_GDP(1.0),30/04/26 11:00:00,Quarterly,"Chain linked volumes, index 2015=100","Calendar adjusted data, not seasonally adjusted data","Value added, gross",Czechia,2022-Q1,110.317,,
ESTAT:NAMQ_10_GDP(1.0),30/04/26 11:00:00,Quarterly,"Chain linked volumes, index 2015=100","Calendar adjusted data, not seasonally adjusted data","Value added, gross",Czechia,2022-Q2,118.654,,
ESTAT:NAMQ_10_GDP(1.0),30/04/26 11:00:00,Quarterly,"Chain linked volumes, index 2015=100","Calendar adjusted data, not seasonally adjusted data","Value added, gross",Czechia,2022-Q3,118.651,,
ESTAT:NAMQ_10_GDP(1.0),30/04/26 11:00:00,Quarterly,"Chain linked volumes, index 2015=100","Calendar adjusted data, not seasonally adjusted data","Value added, gross",Czechia,2022-Q4,119.544,,
ESTAT:NAMQ_10_GDP(1.0),30/04/26 11:00:00,Quarterly,"Chain linked volumes, index 2015=100","Calendar adjusted data, not seasonally adjusted data","Value added, gross",Czechia,2023-Q1,112.061,,
ESTAT:NAMQ_10_GDP(1.0),30/04/26 11:00:00,Quarterly,"Chain linked volumes, index 2015=100","Calendar adjusted data, not seasonally adjusted data","Value added, gross",Czechia,2023-Q2,119.439,,
ESTAT:NAMQ_10_GDP(1.0),30/04/26 11:00:00,Quarterly,"Chain linked volumes, index 2015=100","Calendar adjusted data, not seasonally adjusted data","Value added, gross",Czechia,2023-Q3,119.033,,
ESTAT:NAMQ_10_GDP(1.0),30/04/26 11:00:00,Quarterly,"Chain linked volumes, index 2015=100","Calendar adjusted data, not seasonally adjusted data","Value added, gross",Czechia,2023-Q4,119.886,,
ESTAT:NAMQ_10_GDP(1.0),30/04/26 11:00:00,Quarterly,"Chain linked volumes, index 2015=100","Calendar adjusted data, not seasonally adjusted data","Value added, gross",Czechia,2024-Q1,111.424,,
ESTAT:NAMQ_10_GDP(1.0),30/04/26 11:00:00,Quarterly,"Chain linked volumes, index 2015=100","Calendar adjusted data, not seasonally adjusted data","Value added, gross",Czechia,2024-Q2,119.394,,
ESTAT:NAMQ_10_GDP(1.0),30/04/26 11:00:00,Quarterly,"Chain linked volumes, index 2015=100","Calendar adjusted data, not seasonally adjusted data","Value added, gross",Czechia,2024-Q3,120.282,,
ESTAT:NAMQ_10_GDP(1.0),30/04/26 11:00:00,Quarterly,"Chain linked volumes, index 2015=100","Calendar adjusted data, not seasonally adjusted data","Value added, gross",Czechia,2024-Q4,121.575,,
ESTAT:NAMQ_10_GDP(1.0),30/04/26 11:00:00,Quarterly,"Chain linked volumes, index 2015=100","Calendar adjusted data, not seasonally adjusted data","Value added, gross",Czechia,2025-Q1,114.345,,
ESTAT:NAMQ_10_GDP(1.0),30/04/26 11:00:00,Quarterly,"Chain linked volumes, index 2015=100","Calendar adjusted data, not seasonally adjusted data","Value added, gross",Czechia,2025-Q2,122.708,,
ESTAT:NAMQ_10_GDP(1.0),30/04/26 11:00:00,Quarterly,"Chain linked volumes, index 2015=100","Calendar adjusted data, not seasonally adjusted data","Value added, gross",Czechia,2025-Q3,123.704,,
ESTAT:NAMQ_10_GDP(1.0),30/04/26 11:00:00,Quarterly,"Chain linked volumes, index 2015=100","Calendar adjusted data, not seasonally adjusted data","Value added, gross",Czechia,2025-Q4,124.856,,
ESTAT:NAMQ_10_GDP(1.0),30/04/26 11:00:00,Quarterly,"Chain linked volumes, index 2015=100",Unadjusted data (i.e. neither seasonally adjusted nor calendar adjusted data),"Value added, gross",Czechia,1995-Q1,58.470,,
ESTAT:NAMQ_10_GDP(1.0),30/04/26 11:00:00,Quarterly,"Chain linked volumes, index 2015=100",Unadjusted data (i.e. neither seasonally adjusted nor calendar adjusted data),"Value added, gross",Czechia,1995-Q2,62.429,,
ESTAT:NAMQ_10_GDP(1.0),30/04/26 11:00:00,Quarterly,"Chain linked volumes, index 2015=100",Unadjusted data (i.e. neither seasonally adjusted nor calendar adjusted data),"Value added, gross",Czechia,1995-Q3,64.069,,
ESTAT:NAMQ_10_GDP(1.0),30/04/26 11:00:00,Quarterly,"Chain linked volumes, index 2015=100",Unadjusted data (i.e. neither seasonally adjusted nor calendar adjusted data),"Value added, gross",Czechia,1995-Q4,64.722,,
ESTAT:NAMQ_10_GDP(1.0),30/04/26 11:00:00,Quarterly,"Chain linked volumes, index 2015=100",Unadjusted data (i.e. neither seasonally adjusted nor calendar adjusted data),"Value added, gross",Czechia,1996-Q1,60.682,,
ESTAT:NAMQ_10_GDP(1.0),30/04/26 11:00:00,Quarterly,"Chain linked volumes, index 2015=100",Unadjusted data (i.e. neither seasonally adjusted nor calendar adjusted data),"Value added, gross",Czechia,1996-Q2,65.443,,
ESTAT:NAMQ_10_GDP(1.0),30/04/26 11:00:00,Quarterly,"Chain linked volumes, index 2015=100",Unadjusted data (i.e. neither seasonally adjusted nor calendar adjusted data),"Value added, gross",Czechia,1996-Q3,66.552,,
ESTAT:NAMQ_10_GDP(1.0),30/04/26 11:00:00,Quarterly,"Chain linked volumes, index 2015=100",Unadjusted data (i.e. neither seasonally adjusted nor calendar adjusted data),"Value added, gross",Czechia,1996-Q4,66.527,,
ESTAT:NAMQ_10_GDP(1.0),30/04/26 11:00:00,Quarterly,"Chain linked volumes, index 2015=100",Unadjusted data (i.e. neither seasonally adjusted nor calendar adjusted data),"Value added, gross",Czechia,1997-Q1,60.560,,
ESTAT:NAMQ_10_GDP(1.0),30/04/26 11:00:00,Quarterly,"Chain linked volumes, index 2015=100",Unadjusted data (i.e. neither seasonally adjusted nor calendar adjusted data),"Value added, gross",Czechia,1997-Q2,64.990,,
ESTAT:NAMQ_10_GDP(1.0),30/04/26 11:00:00,Quarterly,"Chain linked volumes, index 2015=100",Unadjusted data (i.e. neither seasonally adjusted nor calendar adjusted data),"Value added, gross",Czechia,1997-Q3,65.387,,
ESTAT:NAMQ_10_GDP(1.0),30/04/26 11:00:00,Quarterly,"Chain linked volumes, index 2015=100",Unadjusted data (i.e. neither seasonally adjusted nor calendar adjusted data),"Value added, gross",Czechia,1997-Q4,64.875,,
ESTAT:NAMQ_10_GDP(1.0),30/04/26 11:00:00,Quarterly,"Chain linked volumes, index 2015=100",Unadjusted data (i.e. neither seasonally adjusted nor calendar adjusted data),"Value added, gross",Czechia,1998-Q1,59.758,,
ESTAT:NAMQ_10_GDP(1.0),30/04/26 11:00:00,Quarterly,"Chain linked volumes, index 2015=100",Unadjusted data (i.e. neither seasonally adjusted nor calendar adjusted data),"Value added, gross",Czechia,1998-Q2,64.333,,
ESTAT:NAMQ_10_GDP(1.0),30/04/26 11:00:00,Quarterly,"Chain linked volumes, index 2015=100",Unadjusted data (i.e. neither seasonally adjusted nor calendar adjusted data),"Value added, gross",Czechia,1998-Q3,65.296,,
ESTAT:NAMQ_10_GDP(1.0),30/04/26 11:00:00,Quarterly,"Chain linked volumes, index 2015=100",Unadjusted data (i.e. neither seasonally adjusted nor calendar adjusted data),"Value added, gross",Czechia,1998-Q4,65.478,,
ESTAT:NAMQ_10_GDP(1.0),30/04/26 11:00:00,Quarterly,"Chain linked volumes, index 2015=100",Unadjusted data (i.e. neither seasonally adjusted nor calendar adjusted data),"Value added, gross",Czechia,1999-Q1,60.078,,
ESTAT:NAMQ_10_GDP(1.0),30/04/26 11:00:00,Quarterly,"Chain linked volumes, index 2015=100",Unadjusted data (i.e. neither seasonally adjusted nor calendar adjusted data),"Value added, gross",Czechia,1999-Q2,64.912,,
ESTAT:NAMQ_10_GDP(1.0),30/04/26 11:00:00,Quarterly,"Chain linked volumes, index 2015=100",Unadjusted data (i.e. neither seasonally adjusted nor calendar adjusted data),"Value added, gross",Czechia,1999-Q3,66.041,,
ESTAT:NAMQ_10_GDP(1.0),30/04/26 11:00:00,Quarterly,"Chain linked volumes, index 2015=100",Unadjusted data (i.e. neither seasonally adjusted nor calendar adjusted data),"Value added, gross",Czechia,1999-Q4,67.458,,
ESTAT:NAMQ_10_GDP(1.0),30/04/26 11:00:00,Quarterly,"Chain linked volumes, index 2015=100",Unadjusted data (i.e. neither seasonally adjusted nor calendar adjusted data),"Value added, gross",Czechia,2000-Q1,63.051,,
ESTAT:NAMQ_10_GDP(1.0),30/04/26 11:00:00,Quarterly,"Chain linked volumes, index 2015=100",Unadjusted data (i.e. neither seasonally adjusted nor calendar adjusted data),"Value added, gross",Czechia,2000-Q2,67.583,,
ESTAT:NAMQ_10_GDP(1.0),30/04/26 11:00:00,Quarterly,"Chain linked volumes, index 2015=100",Unadjusted data (i.e. neither seasonally adjusted nor calendar adjusted data),"Value added, gross",Czechia,2000-Q3,69.085,,
ESTAT:NAMQ_10_GDP(1.0),30/04/26 11:00:00,Quarterly,"Chain linked volumes, index 2015=100",Unadjusted data (i.e. neither seasonally adjusted nor calendar adjusted data),"Value added, gross",Czechia,2000-Q4,69.839,,
ESTAT:NAMQ_10_GDP(1.0),30/04/26 11:00:00,Quarterly,"Chain linked volumes, index 2015=100",Unadjusted data (i.e. neither seasonally adjusted nor calendar adjusted data),"Value added, gross",Czechia,2001-Q1,65.355,,
ESTAT:NAMQ_10_GDP(1.0),30/04/26 11:00:00,Quarterly,"Chain linked volumes, index 2015=100",Unadjusted data (i.e. neither seasonally adjusted nor calendar adjusted data),"Value added, gross",Czechia,2001-Q2,69.622,,
ESTAT:NAMQ_10_GDP(1.0),30/04/26 11:00:00,Quarterly,"Chain linked volumes, index 2015=100",Unadjusted data (i.e. neither seasonally adjusted nor calendar adjusted data),"Value added, gross",Czechia,2001-Q3,70.531,,
ESTAT:NAMQ_10_GDP(1.0),30/04/26 11:00:00,Quarterly,"Chain linked volumes, index 2015=100",Unadjusted data (i.e. neither seasonally adjusted nor calendar adjusted data),"Value added, gross",Czechia,2001-Q4,71.970,,
ESTAT:NAMQ_10_GDP(1.0),30/04/26 11:00:00,Quarterly,"Chain linked volumes, index 2015=100",Unadjusted data (i.e. neither seasonally adjusted nor calendar adjusted data),"Value added, gross",Czechia,2002-Q1,66.206,,
ESTAT:NAMQ_10_GDP(1.0),30/04/26 11:00:00,Quarterly,"Chain linked volumes, index 2015=100",Unadjusted data (i.e. neither seasonally adjusted nor calendar adjusted data),"Value added, gross",Czechia,2002-Q2,70.957,,
ESTAT:NAMQ_10_GDP(1.0),30/04/26 11:00:00,Quarterly,"Chain linked volumes, index 2015=100",Unadjusted data (i.e. neither seasonally adjusted nor calendar adjusted data),"Value added, gross",Czechia,2002-Q3,72.468,,
ESTAT:NAMQ_10_GDP(1.0),30/04/26 11:00:00,Quarterly,"Chain linked volumes, index 2015=100",Unadjusted data (i.e. neither seasonally adjusted nor calendar adjusted data),"Value added, gross",Czechia,2002-Q4,73.281,,
ESTAT:NAMQ_10_GDP(1.0),30/04/26 11:00:00,Quarterly,"Chain linked volumes, index 2015=100",Unadjusted data (i.e. neither seasonally adjusted nor calendar adjusted data),"Value added, gross",Czechia,2003-Q1,67.688,,
ESTAT:NAMQ_10_GDP(1.0),30/04/26 11:00:00,Quarterly,"Chain linked volumes, index 2015=100",Unadjusted data (i.e. neither seasonally adjusted nor calendar adjusted data),"Value added, gross",Czechia,2003-Q2,72.660,,
ESTAT:NAMQ_10_GDP(1.0),30/04/26 11:00:00,Quarterly,"Chain linked volumes, index 2015=100",Unadjusted data (i.e. neither seasonally adjusted nor calendar adjusted data),"Value added, gross",Czechia,2003-Q3,74.653,,
ESTAT:NAMQ_10_GDP(1.0),30/04/26 11:00:00,Quarterly,"Chain linked volumes, index 2015=100",Unadjusted data (i.e. neither seasonally adjusted nor calendar adjusted data),"Value added, gross",Czechia,2003-Q4,75.461,,
ESTAT:NAMQ_10_GDP(1.0),30/04/26 11:00:00,Quarterly,"Chain linked volumes, index 2015=100",Unadjusted data (i.e. neither seasonally adjusted nor calendar adjusted data),"Value added, gross",Czechia,2004-Q1,70.589,,
ESTAT:NAMQ_10_GDP(1.0),30/04/26 11:00:00,Quarterly,"Chain linked volumes, index 2015=100",Unadjusted data (i.e. neither seasonally adjusted nor calendar adjusted data),"Value added, gross",Czechia,2004-Q2,76.138,,
ESTAT:NAMQ_10_GDP(1.0),30/04/26 11:00:00,Quarterly,"Chain linked volumes, index 2015=100",Unadjusted data (i.e. neither seasonally adjusted nor calendar adjusted data),"Value added, gross",Czechia,2004-Q3,77.408,,
ESTAT:NAMQ_10_GDP(1.0),30/04/26 11:00:00,Quarterly,"Chain linked volumes, index 2015=100",Unadjusted data (i.e. neither seasonally adjusted nor calendar adjusted data),"Value added, gross",Czechia,2004-Q4,80.180,,
ESTAT:NAMQ_10_GDP(1.0),30/04/26 11:00:00,Quarterly,"Chain linked volumes, index 2015=100",Unadjusted data (i.e. neither seasonally adjusted nor calendar adjusted data),"Value added, gross",Czechia,2005-Q1,74.399,,
ESTAT:NAMQ_10_GDP(1.0),30/04/26 11:00:00,Quarterly,"Chain linked volumes, index 2015=100",Unadjusted data (i.e. neither seasonally adjusted nor calendar adjusted data),"Value added, gross",Czechia,2005-Q2,81.332,,
ESTAT:NAMQ_10_GDP(1.0),30/04/26 11:00:00,Quarterly,"Chain linked volumes, index 2015=100",Unadjusted data (i.e. neither seasonally adjusted nor calendar adjusted data),"Value added, gross",Czechia,2005-Q3,82.523,,
ESTAT:NAMQ_10_GDP(1.0),30/04/26 11:00:00,Quarterly,"Chain linked volumes, index 2015=100",Unadjusted data (i.e. neither seasonally adjusted nor calendar adjusted data),"Value added, gross",Czechia,2005-Q4,85.933,,
ESTAT:NAMQ_10_GDP(1.0),30/04/26 11:00:00,Quarterly,"Chain linked volumes, index 2015=100",Unadjusted data (i.e. neither seasonally adjusted nor calendar adjusted data),"Value added, gross",Czechia,2006-Q1,80.238,,
ESTAT:NAMQ_10_GDP(1.0),30/04/26 11:00:00,Quarterly,"Chain linked volumes, index 2015=100",Unadjusted data (i.e. neither seasonally adjusted nor calendar adjusted data),"Value added, gross",Czechia,2006-Q2,87.071,,
ESTAT:NAMQ_10_GDP(1.0),30/04/26 11:00:00,Quarterly,"Chain linked volumes, index 2015=100",Unadjusted data (i.e. neither seasonally adjusted nor calendar adjusted data),"Value added, gross",Czechia,2006-Q3,88.343,,
ESTAT:NAMQ_10_GDP(1.0),30/04/26 11:00:00,Quarterly,"Chain linked volumes, index 2015=100",Unadjusted data (i.e. neither seasonally adjusted nor calendar adjusted data),"Value added, gross",Czechia,2006-Q4,91.615,,
ESTAT:NAMQ_10_GDP(1.0),30/04/26 11:00:00,Quarterly,"Chain linked volumes, index 2015=100",Unadjusted data (i.e. neither seasonally adjusted nor calendar adjusted data),"Value added, gross",Czechia,2007-Q1,85.131,,
ESTAT:NAMQ_10_GDP(1.0),30/04/26 11:00:00,Quarterly,"Chain linked volumes, index 2015=100",Unadjusted data (i.e. neither seasonally adjusted nor calendar adjusted data),"Value added, gross",Czechia,2007-Q2,91.334,,
ESTAT:NAMQ_10_GDP(1.0),30/04/26 11:00:00,Quarterly,"Chain linked volumes, index 2015=100",Unadjusted data (i.e. neither seasonally adjusted nor calendar adjusted data),"Value added, gross",Czechia,2007-Q3,92.448,,
ESTAT:NAMQ_10_GDP(1.0),30/04/26 11:00:00,Quarterly,"Chain linked volumes, index 2015=100",Unadjusted data (i.e. neither seasonally adjusted nor calendar adjusted data),"Value added, gross",Czechia,2007-Q4,96.405,,
ESTAT:NAMQ_10_GDP(1.0),30/04/26 11:00:00,Quarterly,"Chain linked volumes, index 2015=100",Unadjusted data (i.e. neither seasonally adjusted nor calendar adjusted data),"Value added, gross",Czechia,2008-Q1,89.285,,
ESTAT:NAMQ_10_GDP(1.0),30/04/26 11:00:00,Quarterly,"Chain linked volumes, index 2015=100",Unadjusted data (i.e. neither seasonally adjusted nor calendar adjusted data),"Value added, gross",Czechia,2008-Q2,95.632,,
ESTAT:NAMQ_10_GDP(1.0),30/04/26 11:00:00,Quarterly,"Chain linked volumes, index 2015=100",Unadjusted data (i.e. neither seasonally adjusted nor calendar adjusted data),"Value added, gross",Czechia,2008-Q3,97.067,,
ESTAT:NAMQ_10_GDP(1.0),30/04/26 11:00:00,Quarterly,"Chain linked volumes, index 2015=100",Unadjusted data (i.e. neither seasonally adjusted nor calendar adjusted data),"Value added, gross",Czechia,2008-Q4,96.092,,
ESTAT:NAMQ_10_GDP(1.0),30/04/26 11:00:00,Quarterly,"Chain linked volumes, index 2015=100",Unadjusted data (i.e. neither seasonally adjusted nor calendar adjusted data),"Value added, gross",Czechia,2009-Q1,84.659,,
ESTAT:NAMQ_10_GDP(1.0),30/04/26 11:00:00,Quarterly,"Chain linked volumes, index 2015=100",Unadjusted data (i.e. neither seasonally adjusted nor calendar adjusted data),"Value added, gross",Czechia,2009-Q2,89.688,,
ESTAT:NAMQ_10_GDP(1.0),30/04/26 11:00:00,Quarterly,"Chain linked volumes, index 2015=100",Unadjusted data (i.e. neither seasonally adjusted nor calendar adjusted data),"Value added, gross",Czechia,2009-Q3,90.978,,
ESTAT:NAMQ_10_GDP(1.0),30/04/26 11:00:00,Quarterly,"Chain linked volumes, index 2015=100",Unadjusted data (i.e. neither seasonally adjusted nor calendar adjusted data),"Value added, gross",Czechia,2009-Q4,92.194,,
ESTAT:NAMQ_10_GDP(1.0),30/04/26 11:00:00,Quarterly,"Chain linked volumes, index 2015=100",Unadjusted data (i.e. neither seasonally adjusted nor calendar adjusted data),"Value added, gross",Czechia,2010-Q1,85.512,,
ESTAT:NAMQ_10_GDP(1.0),30/04/26 11:00:00,Quarterly,"Chain linked volumes, index 2015=100",Unadjusted data (i.e. neither seasonally adjusted nor calendar adjusted data),"Value added, gross",Czechia,2010-Q2,93.146,,
ESTAT:NAMQ_10_GDP(1.0),30/04/26 11:00:00,Quarterly,"Chain linked volumes, index 2015=100",Unadjusted data (i.e. neither seasonally adjusted nor calendar adjusted data),"Value added, gross",Czechia,2010-Q3,94.269,,
ESTAT:NAMQ_10_GDP(1.0),30/04/26 11:00:00,Quarterly,"Chain linked volumes, index 2015=100",Unadjusted data (i.e. neither seasonally adjusted nor calendar adjusted data),"Value added, gross",Czechia,2010-Q4,96.433,,
ESTAT:NAMQ_10_GDP(1.0),30/04/26 11:00:00,Quarterly,"Chain linked volumes, index 2015=100",Unadjusted data (i.e. neither seasonally adjusted nor calendar adjusted data),"Value added, gross",Czechia,2011-Q1,88.396,,
ESTAT:NAMQ_10_GDP(1.0),30/04/26 11:00:00,Quarterly,"Chain linked volumes, index 2015=100",Unadjusted data (i.e. neither seasonally adjusted nor calendar adjusted data),"Value added, gross",Czechia,2011-Q2,95.430,,
ESTAT:NAMQ_10_GDP(1.0),30/04/26 11:00:00,Quarterly,"Chain linked volumes, index 2015=100",Unadjusted data (i.e. neither seasonally adjusted nor calendar adjusted data),"Value added, gross",Czechia,2011-Q3,95.378,,
ESTAT:NAMQ_10_GDP(1.0),30/04/26 11:00:00,Quarterly,"Chain linked volumes, index 2015=100",Unadjusted data (i.e. neither seasonally adjusted nor calendar adjusted data),"Value added, gross",Czechia,2011-Q4,96.690,,
ESTAT:NAMQ_10_GDP(1.0),30/04/26 11:00:00,Quarterly,"Chain linked volumes, index 2015=100",Unadjusted data (i.e. neither seasonally adjusted nor calendar adjusted data),"Value added, gross",Czechia,2012-Q1,89.404,,
ESTAT:NAMQ_10_GDP(1.0),30/04/26 11:00:00,Quarterly,"Chain linked volumes, index 2015=100",Unadjusted data (i.e. neither seasonally adjusted nor calendar adjusted data),"Value added, gross",Czechia,2012-Q2,94.203,,
ESTAT:NAMQ_10_GDP(1.0),30/04/26 11:00:00,Quarterly,"Chain linked volumes, index 2015=100",Unadjusted data (i.e. neither seasonally adjusted nor calendar adjusted data),"Value added, gross",Czechia,2012-Q3,93.751,,
ESTAT:NAMQ_10_GDP(1.0),30/04/26 11:00:00,Quarterly,"Chain linked volumes, index 2015=100",Unadjusted data (i.e. neither seasonally adjusted nor calendar adjusted data),"Value added, gross",Czechia,2012-Q4,95.448,,
ESTAT:NAMQ_10_GDP(1.0),30/04/26 11:00:00,Quarterly,"Chain linked volumes, index 2015=100",Unadjusted data (i.e. neither seasonally adjusted nor calendar adjusted data),"Value added, gross",Czechia,2013-Q1,87.964,,
ESTAT:NAMQ_10_GDP(1.0),30/04/26 11:00:00,Quarterly,"Chain linked volumes, index 2015=100",Unadjusted data (i.e. neither seasonally adjusted nor calendar adjusted data),"Value added, gross",Czechia,2013-Q2,94.148,,
ESTAT:NAMQ_10_GDP(1.0),30/04/26 11:00:00,Quarterly,"Chain linked volumes, index 2015=100",Unadjusted data (i.e. neither seasonally adjusted nor calendar adjusted data),"Value added, gross",Czechia,2013-Q3,94.784,,
ESTAT:NAMQ_10_GDP(1.0),30/04/26 11:00:00,Quarterly,"Chain linked volumes, index 2015=100",Unadjusted data (i.e. neither seasonally adjusted nor calendar adjusted data),"Value added, gross",Czechia,2013-Q4,95.866,,
ESTAT:NAMQ_10_GDP(1.0),30/04/26 11:00:00,Quarterly,"Chain linked volumes, index 2015=100",Unadjusted data (i.e. neither seasonally adjusted nor calendar adjusted data),"Value added, gross",Czechia,2014-Q1,89.773,,
ESTAT:NAMQ_10_GDP(1.0),30/04/26 11:00:00,Quarterly,"Chain linked volumes, index 2015=100",Unadjusted data (i.e. neither seasonally adjusted nor calendar adjusted data),"Value added, gross",Czechia,2014-Q2,96.576,,
ESTAT:NAMQ_10_GDP(1.0),30/04/26 11:00:00,Quarterly,"Chain linked volumes, index 2015=100",Unadjusted data (i.e. neither seasonally adjusted nor calendar adjusted data),"Value added, gross",Czechia,2014-Q3,98.119,,
ESTAT:NAMQ_10_GDP(1.0),30/04/26 11:00:00,Quarterly,"Chain linked volumes, index 2015=100",Unadjusted data (i.e. neither seasonally adjusted nor calendar adjusted data),"Value added, gross",Czechia,2014-Q4,98.858,,
ESTAT:NAMQ_10_GDP(1.0),30/04/26 11:00:00,Quarterly,"Chain linked volumes, index 2015=100",Unadjusted data (i.e. neither seasonally adjusted nor calendar adjusted data),"Value added, gross",Czechia,2015-Q1,93.473,,
ESTAT:NAMQ_10_GDP(1.0),30/04/26 11:00:00,Quarterly,"Chain linked volumes, index 2015=100",Unadjusted data (i.e. neither seasonally adjusted nor calendar adjusted data),"Value added, gross",Czechia,2015-Q2,100.803,,
ESTAT:NAMQ_10_GDP(1.0),30/04/26 11:00:00,Quarterly,"Chain linked volumes, index 2015=100",Unadjusted data (i.e. neither seasonally adjusted nor calendar adjusted data),"Value added, gross",Czechia,2015-Q3,102.388,,
ESTAT:NAMQ_10_GDP(1.0),30/04/26 11:00:00,Quarterly,"Chain linked volumes, index 2015=100",Unadjusted data (i.e. neither seasonally adjusted nor calendar adjusted data),"Value added, gross",Czechia,2015-Q4,103.336,,
ESTAT:NAMQ_10_GDP(1.0),30/04/26 11:00:00,Quarterly,"Chain linked volumes, index 2015=100",Unadjusted data (i.e. neither seasonally adjusted nor calendar adjusted data),"Value added, gross",Czechia,2016-Q1,96.087,,
ESTAT:NAMQ_10_GDP(1.0),30/04/26 11:00:00,Quarterly,"Chain linked volumes, index 2015=100",Unadjusted data (i.e. neither seasonally adjusted nor calendar adjusted data),"Value added, gross",Czechia,2016-Q2,104.070,,
ESTAT:NAMQ_10_GDP(1.0),30/04/26 11:00:00,Quarterly,"Chain linked volumes, index 2015=100",Unadjusted data (i.e. neither seasonally adjusted nor calendar adjusted data),"Value added, gross",Czechia,2016-Q3,104.121,,
ESTAT:NAMQ_10_GDP(1.0),30/04/26 11:00:00,Quarterly,"Chain linked volumes, index 2015=100",Unadjusted data (i.e. neither seasonally adjusted nor calendar adjusted data),"Value added, gross",Czechia,2016-Q4,105.907,,
ESTAT:NAMQ_10_GDP(1.0),30/04/26 11:00:00,Quarterly,"Chain linked volumes, index 2015=100",Unadjusted data (i.e. neither seasonally adjusted nor calendar adjusted data),"Value added, gross",Czechia,2017-Q1,100.609,,
ESTAT:NAMQ_10_GDP(1.0),30/04/26 11:00:00,Quarterly,"Chain linked volumes, index 2015=100",Unadjusted data (i.e. neither seasonally adjusted nor calendar adjusted data),"Value added, gross",Czechia,2017-Q2,109.200,,
ESTAT:NAMQ_10_GDP(1.0),30/04/26 11:00:00,Quarterly,"Chain linked volumes, index 2015=100",Unadjusted data (i.e. neither seasonally adjusted nor calendar adjusted data),"Value added, gross",Czechia,2017-Q3,110.104,,
ESTAT:NAMQ_10_GDP(1.0),30/04/26 11:00:00,Quarterly,"Chain linked volumes, index 2015=100",Unadjusted data (i.e. neither seasonally adjusted nor calendar adjusted data),"Value added, gross",Czechia,2017-Q4,111.627,,
ESTAT:NAMQ_10_GDP(1.0),30/04/26 11:00:00,Quarterly,"Chain linked volumes, index 2015=100",Unadjusted data (i.e. neither seasonally adjusted nor calendar adjusted data),"Value added, gross",Czechia,2018-Q1,104.469,,
ESTAT:NAMQ_10_GDP(1.0),30/04/26 11:00:00,Quarterly,"Chain linked volumes, index 2015=100",Unadjusted data (i.e. neither seasonally adjusted nor calendar adjusted data),"Value added, gross",Czechia,2018-Q2,112.138,,
ESTAT:NAMQ_10_GDP(1.0),30/04/26 11:00:00,Quarterly,"Chain linked volumes, index 2015=100",Unadjusted data (i.e. neither seasonally adjusted nor calendar adjusted data),"Value added, gross",Czechia,2018-Q3,112.655,,
ESTAT:NAMQ_10_GDP(1.0),30/04/26 11:00:00,Quarterly,"Chain linked volumes, index 2015=100",Unadjusted data (i.e. neither seasonally adjusted nor calendar adjusted data),"Value added, gross",Czechia,2018-Q4,115.105,,
ESTAT:NAMQ_10_GDP(1.0),30/04/26 11:00:00,Quarterly,"Chain linked volumes, index 2015=100",Unadjusted data (i.e. neither seasonally adjusted nor calendar adjusted data),"Value added, gross",Czechia,2019-Q1,108.143,,
ESTAT:NAMQ_10_GDP(1.0),30/04/26 11:00:00,Quarterly,"Chain linked volumes, index 2015=100",Unadjusted data (i.e. neither seasonally adjusted nor calendar adjusted data),"Value added, gross",Czechia,2019-Q2,115.996,,
ESTAT:NAMQ_10_GDP(1.0),30/04/26 11:00:00,Quarterly,"Chain linked volumes, index 2015=100",Unadjusted data (i.e. neither seasonally adjusted nor calendar adjusted data),"Value added, gross",Czechia,2019-Q3,117.669,,
ESTAT:NAMQ_10_GDP(1.0),30/04/26 11:00:00,Quarterly,"Chain linked volumes, index 2015=100",Unadjusted data (i.e. neither seasonally adjusted nor calendar adjusted data),"Value added, gross",Czechia,2019-Q4,118.554,,
ESTAT:NAMQ_10_GDP(1.0),30/04/26 11:00:00,Quarterly,"Chain linked volumes, index 2015=100",Unadjusted data (i.e. neither seasonally adjusted nor calendar adjusted data),"Value added, gross",Czechia,2020-Q1,107.262,,
ESTAT:NAMQ_10_GDP(1.0),30/04/26 11:00:00,Quarterly,"Chain linked volumes, index 2015=100",Unadjusted data (i.e. neither seasonally adjusted nor calendar adjusted data),"Value added, gross",Czechia,2020-Q2,103.773,,
ESTAT:NAMQ_10_GDP(1.0),30/04/26 11:00:00,Quarterly,"Chain linked volumes, index 2015=100",Unadjusted data (i.e. neither seasonally adjusted nor calendar adjusted data),"Value added, gross",Czechia,2020-Q3,112.397,,
ESTAT:NAMQ_10_GDP(1.0),30/04/26 11:00:00,Quarterly,"Chain linked volumes, index 2015=100",Unadjusted data (i.e. neither seasonally adjusted nor calendar adjusted data),"Value added, gross",Czechia,2020-Q4,113.677,,
ESTAT:NAMQ_10_GDP(1.0),30/04/26 11:00:00,Quarterly,"Chain linked volumes, index 2015=100",Unadjusted data (i.e. neither seasonally adjusted nor calendar adjusted data),"Value added, gross",Czechia,2021-Q1,105.634,,
ESTAT:NAMQ_10_GDP(1.0),30/04/26 11:00:00,Quarterly,"Chain linked volumes, index 2015=100",Unadjusted data (i.e. neither seasonally adjusted nor calendar adjusted data),"Value added, gross",Czechia,2021-Q2,114.649,,
ESTAT:NAMQ_10_GDP(1.0),30/04/26 11:00:00,Quarterly,"Chain linked volumes, index 2015=100",Unadjusted data (i.e. neither seasonally adjusted nor calendar adjusted data),"Value added, gross",Czechia,2021-Q3,116.135,,
ESTAT:NAMQ_10_GDP(1.0),30/04/26 11:00:00,Quarterly,"Chain linked volumes, index 2015=100",Unadjusted data (i.e. neither seasonally adjusted nor calendar adjusted data),"Value added, gross",Czechia,2021-Q4,117.868,,
ESTAT:NAMQ_10_GDP(1.0),30/04/26 11:00:00,Quarterly,"Chain linked volumes, index 2015=100",Unadjusted data (i.e. neither seasonally adjusted nor calendar adjusted data),"Value added, gross",Czechia,2022-Q1,110.517,,
ESTAT:NAMQ_10_GDP(1.0),30/04/26 11:00:00,Quarterly,"Chain linked volumes, index 2015=100",Unadjusted data (i.e. neither seasonally adjusted nor calendar adjusted data),"Value added, gross",Czechia,2022-Q2,118.892,,
ESTAT:NAMQ_10_GDP(1.0),30/04/26 11:00:00,Quarterly,"Chain linked volumes, index 2015=100",Unadjusted data (i.e. neither seasonally adjusted nor calendar adjusted data),"Value added, gross",Czechia,2022-Q3,118.523,,
ESTAT:NAMQ_10_GDP(1.0),30/04/26 11:00:00,Quarterly,"Chain linked volumes, index 2015=100",Unadjusted data (i.e. neither seasonally adjusted nor calendar adjusted data),"Value added, gross",Czechia,2022-Q4,119.545,,
ESTAT:NAMQ_10_GDP(1.0),30/04/26 11:00:00,Quarterly,"Chain linked volumes, index 2015=100",Unadjusted data (i.e. neither seasonally adjusted nor calendar adjusted data),"Value added, gross",Czechia,2023-Q1,112.559,,
ESTAT:NAMQ_10_GDP(1.0),30/04/26 11:00:00,Quarterly,"Chain linked volumes, index 2015=100",Unadjusted data (i.e. neither seasonally adjusted nor calendar adjusted data),"Value added, gross",Czechia,2023-Q2,119.025,,
ESTAT:NAMQ_10_GDP(1.0),30/04/26 11:00:00,Quarterly,"Chain linked volumes, index 2015=100",Unadjusted data (i.e. neither seasonally adjusted nor calendar adjusted data),"Value added, gross",Czechia,2023-Q3,118.625,,
ESTAT:NAMQ_10_GDP(1.0),30/04/26 11:00:00,Quarterly,"Chain linked volumes, index 2015=100",Unadjusted data (i.e. neither seasonally adjusted nor calendar adjusted data),"Value added, gross",Czechia,2023-Q4,119.890,,
ESTAT:NAMQ_10_GDP(1.0),30/04/26 11:00:00,Quarterly,"Chain linked volumes, index 2015=100",Unadjusted data (i.e. neither seasonally adjusted nor calendar adjusted data),"Value added, gross",Czechia,2024-Q1,111.337,,
ESTAT:NAMQ_10_GDP(1.0),30/04/26 11:00:00,Quarterly,"Chain linked volumes, index 2015=100",Unadjusted data (i.e. neither seasonally adjusted nor calendar adjusted data),"Value added, gross",Czechia,2024-Q2,119.309,,
ESTAT:NAMQ_10_GDP(1.0),30/04/26 11:00:00,Quarterly,"Chain linked volumes, index 2015=100",Unadjusted data (i.e. neither seasonally adjusted nor calendar adjusted data),"Value added, gross",Czechia,2024-Q3,120.754,,
ESTAT:NAMQ_10_GDP(1.0),30/04/26 11:00:00,Quarterly,"Chain linked volumes, index 2015=100",Unadjusted data (i.e. neither seasonally adjusted nor calendar adjusted data),"Value added, gross",Czechia,2024-Q4,121.583,,
ESTAT:NAMQ_10_GDP(1.0),30/04/26 11:00:00,Quarterly,"Chain linked volumes, index 2015=100",Unadjusted data (i.e. neither seasonally adjusted nor calendar adjusted data),"Value added, gross",Czechia,2025-Q1,114.255,,
ESTAT:NAMQ_10_GDP(1.0),30/04/26 11:00:00,Quarterly,"Chain linked volumes, index 2015=100",Unadjusted data (i.e. neither seasonally adjusted nor calendar adjusted data),"Value added, gross",Czechia,2025-Q2,122.289,,
ESTAT:NAMQ_10_GDP(1.0),30/04/26 11:00:00,Quarterly,"Chain linked volumes, index 2015=100",Unadjusted data (i.e. neither seasonally adjusted nor calendar adjusted data),"Value added, gross",Czechia,2025-Q3,124.499,,
ESTAT:NAMQ_10_GDP(1.0),30/04/26 11:00:00,Quarterly,"Chain linked volumes, index 2015=100",Unadjusted data (i.e. neither seasonally adjusted nor calendar adjusted data),"Value added, gross",Czechia,2025-Q4,124.539,,
ESTAT:NAMQ_10_GDP(1.0),30/04/26 11:00:00,Quarterly,"Chain linked volumes, index 2015=100",Seasonally and calendar adjusted data,"Value added, gross",Czechia,1995-Q1,60.943,,
ESTAT:NAMQ_10_GDP(1.0),30/04/26 11:00:00,Quarterly,"Chain linked volumes, index 2015=100",Seasonally and calendar adjusted data,"Value added, gross",Czechia,1995-Q2,62.185,,
ESTAT:NAMQ_10_GDP(1.0),30/04/26 11:00:00,Quarterly,"Chain linked volumes, index 2015=100",Seasonally and calendar adjusted data,"Value added, gross",Czechia,1995-Q3,62.993,,
ESTAT:NAMQ_10_GDP(1.0),30/04/26 11:00:00,Quarterly,"Chain linked volumes, index 2015=100",Seasonally and calendar adjusted data,"Value added, gross",Czechia,1995-Q4,63.314,,
ESTAT:NAMQ_10_GDP(1.0),30/04/26 11:00:00,Quarterly,"Chain linked volumes, index 2015=100",Seasonally and calendar adjusted data,"Value added, gross",Czechia,1996-Q1,64.342,,
ESTAT:NAMQ_10_GDP(1.0),30/04/26 11:00:00,Quarterly,"Chain linked volumes, index 2015=100",Seasonally and calendar adjusted data,"Value added, gross",Czechia,1996-Q2,64.751,,
ESTAT:NAMQ_10_GDP(1.0),30/04/26 11:00:00,Quarterly,"Chain linked volumes, index 2015=100",Seasonally and calendar adjusted data,"Value added, gross",Czechia,1996-Q3,64.931,,
ESTAT:NAMQ_10_GDP(1.0),30/04/26 11:00:00,Quarterly,"Chain linked volumes, index 2015=100",Seasonally and calendar adjusted data,"Value added, gross",Czechia,1996-Q4,64.931,,
ESTAT:NAMQ_10_GDP(1.0),30/04/26 11:00:00,Quarterly,"Chain linked volumes, index 2015=100",Seasonally and calendar adjusted data,"Value added, gross",Czechia,1997-Q1,64.454,,
ESTAT:NAMQ_10_GDP(1.0),30/04/26 11:00:00,Quarterly,"Chain linked volumes, index 2015=100",Seasonally and calendar adjusted data,"Value added, gross",Czechia,1997-Q2,64.132,,
ESTAT:NAMQ_10_GDP(1.0),30/04/26 11:00:00,Quarterly,"Chain linked volumes, index 2015=100",Seasonally and calendar adjusted data,"Value added, gross",Czechia,1997-Q3,63.589,,
ESTAT:NAMQ_10_GDP(1.0),30/04/26 11:00:00,Quarterly,"Chain linked volumes, index 2015=100",Seasonally and calendar adjusted data,"Value added, gross",Czechia,1997-Q4,63.318,,
ESTAT:NAMQ_10_GDP(1.0),30/04/26 11:00:00,Quarterly,"Chain linked volumes, index 2015=100",Seasonally and calendar adjusted data,"Value added, gross",Czechia,1998-Q1,63.430,,
ESTAT:NAMQ_10_GDP(1.0),30/04/26 11:00:00,Quarterly,"Chain linked volumes, index 2015=100",Seasonally and calendar adjusted data,"Value added, gross",Czechia,1998-Q2,63.705,,
ESTAT:NAMQ_10_GDP(1.0),30/04/26 11:00:00,Quarterly,"Chain linked volumes, index 2015=100",Seasonally and calendar adjusted data,"Value added, gross",Czechia,1998-Q3,63.707,,
ESTAT:NAMQ_10_GDP(1.0),30/04/26 11:00:00,Quarterly,"Chain linked volumes, index 2015=100",Seasonally and calendar adjusted data,"Value added, gross",Czechia,1998-Q4,63.726,,
ESTAT:NAMQ_10_GDP(1.0),30/04/26 11:00:00,Quarterly,"Chain linked volumes, index 2015=100",Seasonally and calendar adjusted data,"Value added, gross",Czechia,1999-Q1,63.718,,
ESTAT:NAMQ_10_GDP(1.0),30/04/26 11:00:00,Quarterly,"Chain linked volumes, index 2015=100",Seasonally and calendar adjusted data,"Value added, gross",Czechia,1999-Q2,63.998,,
ESTAT:NAMQ_10_GDP(1.0),30/04/26 11:00:00,Quarterly,"Chain linked volumes, index 2015=100",Seasonally and calendar adjusted data,"Value added, gross",Czechia,1999-Q3,64.638,,
ESTAT:NAMQ_10_GDP(1.0),30/04/26 11:00:00,Quarterly,"Chain linked volumes, index 2015=100",Seasonally and calendar adjusted data,"Value added, gross",Czechia,1999-Q4,65.444,,
ESTAT:NAMQ_10_GDP(1.0),30/04/26 11:00:00,Quarterly,"Chain linked volumes, index 2015=100",Seasonally and calendar adjusted data,"Value added, gross",Czechia,2000-Q1,66.444,,
ESTAT:NAMQ_10_GDP(1.0),30/04/26 11:00:00,Quarterly,"Chain linked volumes, index 2015=100",Seasonally and calendar adjusted data,"Value added, gross",Czechia,2000-Q2,67.065,,
ESTAT:NAMQ_10_GDP(1.0),30/04/26 11:00:00,Quarterly,"Chain linked volumes, index 2015=100",Seasonally and calendar adjusted data,"Value added, gross",Czechia,2000-Q3,68.027,,
ESTAT:NAMQ_10_GDP(1.0),30/04/26 11:00:00,Quarterly,"Chain linked volumes, index 2015=100",Seasonally and calendar adjusted data,"Value added, gross",Czechia,2000-Q4,68.110,,
ESTAT:NAMQ_10_GDP(1.0),30/04/26 11:00:00,Quarterly,"Chain linked volumes, index 2015=100",Seasonally and calendar adjusted data,"Value added, gross",Czechia,2001-Q1,69.021,,
ESTAT:NAMQ_10_GDP(1.0),30/04/26 11:00:00,Quarterly,"Chain linked volumes, index 2015=100",Seasonally and calendar adjusted data,"Value added, gross",Czechia,2001-Q2,69.121,,
ESTAT:NAMQ_10_GDP(1.0),30/04/26 11:00:00,Quarterly,"Chain linked volumes, index 2015=100",Seasonally and calendar adjusted data,"Value added, gross",Czechia,2001-Q3,69.494,,
ESTAT:NAMQ_10_GDP(1.0),30/04/26 11:00:00,Quarterly,"Chain linked volumes, index 2015=100",Seasonally and calendar adjusted data,"Value added, gross",Czechia,2001-Q4,69.895,,
ESTAT:NAMQ_10_GDP(1.0),30/04/26 11:00:00,Quarterly,"Chain linked volumes, index 2015=100",Seasonally and calendar adjusted data,"Value added, gross",Czechia,2002-Q1,70.089,,
ESTAT:NAMQ_10_GDP(1.0),30/04/26 11:00:00,Quarterly,"Chain linked volumes, index 2015=100",Seasonally and calendar adjusted data,"Value added, gross",Czechia,2002-Q2,70.506,,
ESTAT:NAMQ_10_GDP(1.0),30/04/26 11:00:00,Quarterly,"Chain linked volumes, index 2015=100",Seasonally and calendar adjusted data,"Value added, gross",Czechia,2002-Q3,70.874,,
ESTAT:NAMQ_10_GDP(1.0),30/04/26 11:00:00,Quarterly,"Chain linked volumes, index 2015=100",Seasonally and calendar adjusted data,"Value added, gross",Czechia,2002-Q4,71.300,,
ESTAT:NAMQ_10_GDP(1.0),30/04/26 11:00:00,Quarterly,"Chain linked volumes, index 2015=100",Seasonally and calendar adjusted data,"Value added, gross",Czechia,2003-Q1,71.667,,
ESTAT:NAMQ_10_GDP(1.0),30/04/26 11:00:00,Quarterly,"Chain linked volumes, index 2015=100",Seasonally and calendar adjusted data,"Value added, gross",Czechia,2003-Q2,72.186,,
ESTAT:NAMQ_10_GDP(1.0),30/04/26 11:00:00,Quarterly,"Chain linked volumes, index 2015=100",Seasonally and calendar adjusted data,"Value added, gross",Czechia,2003-Q3,72.919,,
ESTAT:NAMQ_10_GDP(1.0),30/04/26 11:00:00,Quarterly,"Chain linked volumes, index 2015=100",Seasonally and calendar adjusted data,"Value added, gross",Czechia,2003-Q4,73.539,,
ESTAT:NAMQ_10_GDP(1.0),30/04/26 11:00:00,Quarterly,"Chain linked volumes, index 2015=100",Seasonally and calendar adjusted data,"Value added, gross",Czechia,2004-Q1,74.532,,
ESTAT:NAMQ_10_GDP(1.0),30/04/26 11:00:00,Quarterly,"Chain linked volumes, index 2015=100",Seasonally and calendar adjusted data,"Value added, gross",Czechia,2004-Q2,75.220,,
ESTAT:NAMQ_10_GDP(1.0),30/04/26 11:00:00,Quarterly,"Chain linked volumes, index 2015=100",Seasonally and calendar adjusted data,"Value added, gross",Czechia,2004-Q3,76.315,,
ESTAT:NAMQ_10_GDP(1.0),30/04/26 11:00:00,Quarterly,"Chain linked volumes, index 2015=100",Seasonally and calendar adjusted data,"Value added, gross",Czechia,2004-Q4,77.639,,
ESTAT:NAMQ_10_GDP(1.0),30/04/26 11:00:00,Quarterly,"Chain linked volumes, index 2015=100",Seasonally and calendar adjusted data,"Value added, gross",Czechia,2005-Q1,78.775,,
ESTAT:NAMQ_10_GDP(1.0),30/04/26 11:00:00,Quarterly,"Chain linked volumes, index 2015=100",Seasonally and calendar adjusted data,"Value added, gross",Czechia,2005-Q2,80.093,,
ESTAT:NAMQ_10_GDP(1.0),30/04/26 11:00:00,Quarterly,"Chain linked volumes, index 2015=100",Seasonally and calendar adjusted data,"Value added, gross",Czechia,2005-Q3,81.451,,
ESTAT:NAMQ_10_GDP(1.0),30/04/26 11:00:00,Quarterly,"Chain linked volumes, index 2015=100",Seasonally and calendar adjusted data,"Value added, gross",Czechia,2005-Q4,83.423,,
ESTAT:NAMQ_10_GDP(1.0),30/04/26 11:00:00,Quarterly,"Chain linked volumes, index 2015=100",Seasonally and calendar adjusted data,"Value added, gross",Czechia,2006-Q1,84.456,,
ESTAT:NAMQ_10_GDP(1.0),30/04/26 11:00:00,Quarterly,"Chain linked volumes, index 2015=100",Seasonally and calendar adjusted data,"Value added, gross",Czechia,2006-Q2,86.477,,
ESTAT:NAMQ_10_GDP(1.0),30/04/26 11:00:00,Quarterly,"Chain linked volumes, index 2015=100",Seasonally and calendar adjusted data,"Value added, gross",Czechia,2006-Q3,87.490,,
ESTAT:NAMQ_10_GDP(1.0),30/04/26 11:00:00,Quarterly,"Chain linked volumes, index 2015=100",Seasonally and calendar adjusted data,"Value added, gross",Czechia,2006-Q4,88.926,,
ESTAT:NAMQ_10_GDP(1.0),30/04/26 11:00:00,Quarterly,"Chain linked volumes, index 2015=100",Seasonally and calendar adjusted data,"Value added, gross",Czechia,2007-Q1,89.824,,
ESTAT:NAMQ_10_GDP(1.0),30/04/26 11:00:00,Quarterly,"Chain linked volumes, index 2015=100",Seasonally and calendar adjusted data,"Value added, gross",Czechia,2007-Q2,90.680,,
ESTAT:NAMQ_10_GDP(1.0),30/04/26 11:00:00,Quarterly,"Chain linked volumes, index 2015=100",Seasonally and calendar adjusted data,"Value added, gross",Czechia,2007-Q3,91.513,,
ESTAT:NAMQ_10_GDP(1.0),30/04/26 11:00:00,Quarterly,"Chain linked volumes, index 2015=100",Seasonally and calendar adjusted data,"Value added, gross",Czechia,2007-Q4,93.347,,
ESTAT:NAMQ_10_GDP(1.0),30/04/26 11:00:00,Quarterly,"Chain linked volumes, index 2015=100",Seasonally and calendar adjusted data,"Value added, gross",Czechia,2008-Q1,94.404,,
ESTAT:NAMQ_10_GDP(1.0),30/04/26 11:00:00,Quarterly,"Chain linked volumes, index 2015=100",Seasonally and calendar adjusted data,"Value added, gross",Czechia,2008-Q2,94.605,,
ESTAT:NAMQ_10_GDP(1.0),30/04/26 11:00:00,Quarterly,"Chain linked volumes, index 2015=100",Seasonally and calendar adjusted data,"Value added, gross",Czechia,2008-Q3,94.845,,
ESTAT:NAMQ_10_GDP(1.0),30/04/26 11:00:00,Quarterly,"Chain linked volumes, index 2015=100",Seasonally and calendar adjusted data,"Value added, gross",Czechia,2008-Q4,93.693,,
ESTAT:NAMQ_10_GDP(1.0),30/04/26 11:00:00,Quarterly,"Chain linked volumes, index 2015=100",Seasonally and calendar adjusted data,"Value added, gross",Czechia,2009-Q1,89.524,,
ESTAT:NAMQ_10_GDP(1.0),30/04/26 11:00:00,Quarterly,"Chain linked volumes, index 2015=100",Seasonally and calendar adjusted data,"Value added, gross",Czechia,2009-Q2,88.923,,
ESTAT:NAMQ_10_GDP(1.0),30/04/26 11:00:00,Quarterly,"Chain linked volumes, index 2015=100",Seasonally and calendar adjusted data,"Value added, gross",Czechia,2009-Q3,89.387,,
ESTAT:NAMQ_10_GDP(1.0),30/04/26 11:00:00,Quarterly,"Chain linked volumes, index 2015=100",Seasonally and calendar adjusted data,"Value added, gross",Czechia,2009-Q4,89.681,,
ESTAT:NAMQ_10_GDP(1.0),30/04/26 11:00:00,Quarterly,"Chain linked volumes, index 2015=100",Seasonally and calendar adjusted data,"Value added, gross",Czechia,2010-Q1,90.496,,
ESTAT:NAMQ_10_GDP(1.0),30/04/26 11:00:00,Quarterly,"Chain linked volumes, index 2015=100",Seasonally and calendar adjusted data,"Value added, gross",Czechia,2010-Q2,91.812,,
ESTAT:NAMQ_10_GDP(1.0),30/04/26 11:00:00,Quarterly,"Chain linked volumes, index 2015=100",Seasonally and calendar adjusted data,"Value added, gross",Czechia,2010-Q3,92.908,,
ESTAT:NAMQ_10_GDP(1.0),30/04/26 11:00:00,Quarterly,"Chain linked volumes, index 2015=100",Seasonally and calendar adjusted data,"Value added, gross",Czechia,2010-Q4,93.594,,
ESTAT:NAMQ_10_GDP(1.0),30/04/26 11:00:00,Quarterly,"Chain linked volumes, index 2015=100",Seasonally and calendar adjusted data,"Value added, gross",Czechia,2011-Q1,93.232,,
ESTAT:NAMQ_10_GDP(1.0),30/04/26 11:00:00,Quarterly,"Chain linked volumes, index 2015=100",Seasonally and calendar adjusted data,"Value added, gross",Czechia,2011-Q2,93.931,,
ESTAT:NAMQ_10_GDP(1.0),30/04/26 11:00:00,Quarterly,"Chain linked volumes, index 2015=100",Seasonally and calendar adjusted data,"Value added, gross",Czechia,2011-Q3,94.028,,
ESTAT:NAMQ_10_GDP(1.0),30/04/26 11:00:00,Quarterly,"Chain linked volumes, index 2015=100",Seasonally and calendar adjusted data,"Value added, gross",Czechia,2011-Q4,94.125,,
ESTAT:NAMQ_10_GDP(1.0),30/04/26 11:00:00,Quarterly,"Chain linked volumes, index 2015=100",Seasonally and calendar adjusted data,"Value added, gross",Czechia,2012-Q1,93.853,,
ESTAT:NAMQ_10_GDP(1.0),30/04/26 11:00:00,Quarterly,"Chain linked volumes, index 2015=100",Seasonally and calendar adjusted data,"Value added, gross",Czechia,2012-Q2,93.145,,
ESTAT:NAMQ_10_GDP(1.0),30/04/26 11:00:00,Quarterly,"Chain linked volumes, index 2015=100",Seasonally and calendar adjusted data,"Value added, gross",Czechia,2012-Q3,92.701,,
ESTAT:NAMQ_10_GDP(1.0),30/04/26 11:00:00,Quarterly,"Chain linked volumes, index 2015=100",Seasonally and calendar adjusted data,"Value added, gross",Czechia,2012-Q4,92.800,,
ESTAT:NAMQ_10_GDP(1.0),30/04/26 11:00:00,Quarterly,"Chain linked volumes, index 2015=100",Seasonally and calendar adjusted data,"Value added, gross",Czechia,2013-Q1,92.763,,
ESTAT:NAMQ_10_GDP(1.0),30/04/26 11:00:00,Quarterly,"Chain linked volumes, index 2015=100",Seasonally and calendar adjusted data,"Value added, gross",Czechia,2013-Q2,93.016,,
ESTAT:NAMQ_10_GDP(1.0),30/04/26 11:00:00,Quarterly,"Chain linked volumes, index 2015=100",Seasonally and calendar adjusted data,"Value added, gross",Czechia,2013-Q3,93.063,,
ESTAT:NAMQ_10_GDP(1.0),30/04/26 11:00:00,Quarterly,"Chain linked volumes, index 2015=100",Seasonally and calendar adjusted data,"Value added, gross",Czechia,2013-Q4,93.651,,
ESTAT:NAMQ_10_GDP(1.0),30/04/26 11:00:00,Quarterly,"Chain linked volumes, index 2015=100",Seasonally and calendar adjusted data,"Value added, gross",Czechia,2014-Q1,94.623,,
ESTAT:NAMQ_10_GDP(1.0),30/04/26 11:00:00,Quarterly,"Chain linked volumes, index 2015=100",Seasonally and calendar adjusted data,"Value added, gross",Czechia,2014-Q2,95.360,,
ESTAT:NAMQ_10_GDP(1.0),30/04/26 11:00:00,Quarterly,"Chain linked volumes, index 2015=100",Seasonally and calendar adjusted data,"Value added, gross",Czechia,2014-Q3,96.054,,
ESTAT:NAMQ_10_GDP(1.0),30/04/26 11:00:00,Quarterly,"Chain linked volumes, index 2015=100",Seasonally and calendar adjusted data,"Value added, gross",Czechia,2014-Q4,97.012,,
ESTAT:NAMQ_10_GDP(1.0),30/04/26 11:00:00,Quarterly,"Chain linked volumes, index 2015=100",Seasonally and calendar adjusted data,"Value added, gross",Czechia,2015-Q1,98.544,,
ESTAT:NAMQ_10_GDP(1.0),30/04/26 11:00:00,Quarterly,"Chain linked volumes, index 2015=100",Seasonally and calendar adjusted data,"Value added, gross",Czechia,2015-Q2,99.520,,
ESTAT:NAMQ_10_GDP(1.0),30/04/26 11:00:00,Quarterly,"Chain linked volumes, index 2015=100",Seasonally and calendar adjusted data,"Value added, gross",Czechia,2015-Q3,100.731,,
ESTAT:NAMQ_10_GDP(1.0),30/04/26 11:00:00,Quarterly,"Chain linked volumes, index 2015=100",Seasonally and calendar adjusted data,"Value added, gross",Czechia,2015-Q4,101.205,,
ESTAT:NAMQ_10_GDP(1.0),30/04/26 11:00:00,Quarterly,"Chain linked volumes, index 2015=100",Seasonally and calendar adjusted data,"Value added, gross",Czechia,2016-Q1,101.578,,
ESTAT:NAMQ_10_GDP(1.0),30/04/26 11:00:00,Quarterly,"Chain linked volumes, index 2015=100",Seasonally and calendar adjusted data,"Value added, gross",Czechia,2016-Q2,101.682,,
ESTAT:NAMQ_10_GDP(1.0),30/04/26 11:00:00,Quarterly,"Chain linked volumes, index 2015=100",Seasonally and calendar adjusted data,"Value added, gross",Czechia,2016-Q3,102.707,,
ESTAT:NAMQ_10_GDP(1.0),30/04/26 11:00:00,Quarterly,"Chain linked volumes, index 2015=100",Seasonally and calendar adjusted data,"Value added, gross",Czechia,2016-Q4,103.836,,
ESTAT:NAMQ_10_GDP(1.0),30/04/26 11:00:00,Quarterly,"Chain linked volumes, index 2015=100",Seasonally and calendar adjusted data,"Value added, gross",Czechia,2017-Q1,105.404,,
ESTAT:NAMQ_10_GDP(1.0),30/04/26 11:00:00,Quarterly,"Chain linked volumes, index 2015=100",Seasonally and calendar adjusted data,"Value added, gross",Czechia,2017-Q2,108.034,,
ESTAT:NAMQ_10_GDP(1.0),30/04/26 11:00:00,Quarterly,"Chain linked volumes, index 2015=100",Seasonally and calendar adjusted data,"Value added, gross",Czechia,2017-Q3,108.981,,
ESTAT:NAMQ_10_GDP(1.0),30/04/26 11:00:00,Quarterly,"Chain linked volumes, index 2015=100",Seasonally and calendar adjusted data,"Value added, gross",Czechia,2017-Q4,109.509,,
ESTAT:NAMQ_10_GDP(1.0),30/04/26 11:00:00,Quarterly,"Chain linked volumes, index 2015=100",Seasonally and calendar adjusted data,"Value added, gross",Czechia,2018-Q1,110.089,,
ESTAT:NAMQ_10_GDP(1.0),30/04/26 11:00:00,Quarterly,"Chain linked volumes, index 2015=100",Seasonally and calendar adjusted data,"Value added, gross",Czechia,2018-Q2,110.540,,
ESTAT:NAMQ_10_GDP(1.0),30/04/26 11:00:00,Quarterly,"Chain linked volumes, index 2015=100",Seasonally and calendar adjusted data,"Value added, gross",Czechia,2018-Q3,111.490,,
ESTAT:NAMQ_10_GDP(1.0),30/04/26 11:00:00,Quarterly,"Chain linked volumes, index 2015=100",Seasonally and calendar adjusted data,"Value added, gross",Czechia,2018-Q4,112.578,,
ESTAT:NAMQ_10_GDP(1.0),30/04/26 11:00:00,Quarterly,"Chain linked volumes, index 2015=100",Seasonally and calendar adjusted data,"Value added, gross",Czechia,2019-Q1,113.871,,
ESTAT:NAMQ_10_GDP(1.0),30/04/26 11:00:00,Quarterly,"Chain linked volumes, index 2015=100",Seasonally and calendar adjusted data,"Value added, gross",Czechia,2019-Q2,114.713,,
ESTAT:NAMQ_10_GDP(1.0),30/04/26 11:00:00,Quarterly,"Chain linked volumes, index 2015=100",Seasonally and calendar adjusted data,"Value added, gross",Czechia,2019-Q3,115.529,,
ESTAT:NAMQ_10_GDP(1.0),30/04/26 11:00:00,Quarterly,"Chain linked volumes, index 2015=100",Seasonally and calendar adjusted data,"Value added, gross",Czechia,2019-Q4,116.304,,
ESTAT:NAMQ_10_GDP(1.0),30/04/26 11:00:00,Quarterly,"Chain linked volumes, index 2015=100",Seasonally and calendar adjusted data,"Value added, gross",Czechia,2020-Q1,112.487,,
ESTAT:NAMQ_10_GDP(1.0),30/04/26 11:00:00,Quarterly,"Chain linked volumes, index 2015=100",Seasonally and calendar adjusted data,"Value added, gross",Czechia,2020-Q2,102.420,,
ESTAT:NAMQ_10_GDP(1.0),30/04/26 11:00:00,Quarterly,"Chain linked volumes, index 2015=100",Seasonally and calendar adjusted data,"Value added, gross",Czechia,2020-Q3,110.596,,
ESTAT:NAMQ_10_GDP(1.0),30/04/26 11:00:00,Quarterly,"Chain linked volumes, index 2015=100",Seasonally and calendar adjusted data,"Value added, gross",Czechia,2020-Q4,111.572,,
ESTAT:NAMQ_10_GDP(1.0),30/04/26 11:00:00,Quarterly,"Chain linked volumes, index 2015=100",Seasonally and calendar adjusted data,"Value added, gross",Czechia,2021-Q1,111.231,,
ESTAT:NAMQ_10_GDP(1.0),30/04/26 11:00:00,Quarterly,"Chain linked volumes, index 2015=100",Seasonally and calendar adjusted data,"Value added, gross",Czechia,2021-Q2,112.677,,
ESTAT:NAMQ_10_GDP(1.0),30/04/26 11:00:00,Quarterly,"Chain linked volumes, index 2015=100",Seasonally and calendar adjusted data,"Value added, gross",Czechia,2021-Q3,114.627,,
ESTAT:NAMQ_10_GDP(1.0),30/04/26 11:00:00,Quarterly,"Chain linked volumes, index 2015=100",Seasonally and calendar adjusted data,"Value added, gross",Czechia,2021-Q4,115.435,,
ESTAT:NAMQ_10_GDP(1.0),30/04/26 11:00:00,Quarterly,"Chain linked volumes, index 2015=100",Seasonally and calendar adjusted data,"Value added, gross",Czechia,2022-Q1,116.055,,
ESTAT:NAMQ_10_GDP(1.0),30/04/26 11:00:00,Quarterly,"Chain linked volumes, index 2015=100",Seasonally and calendar adjusted data,"Value added, gross",Czechia,2022-Q2,116.842,,
ESTAT:NAMQ_10_GDP(1.0),30/04/26 11:00:00,Quarterly,"Chain linked volumes, index 2015=100",Seasonally and calendar adjusted data,"Value added, gross",Czechia,2022-Q3,116.966,,
ESTAT:NAMQ_10_GDP(1.0),30/04/26 11:00:00,Quarterly,"Chain linked volumes, index 2015=100",Seasonally and calendar adjusted data,"Value added, gross",Czechia,2022-Q4,117.303,,
ESTAT:NAMQ_10_GDP(1.0),30/04/26 11:00:00,Quarterly,"Chain linked volumes, index 2015=100",Seasonally and calendar adjusted data,"Value added, gross",Czechia,2023-Q1,117.839,,
ESTAT:NAMQ_10_GDP(1.0),30/04/26 11:00:00,Quarterly,"Chain linked volumes, index 2015=100",Seasonally and calendar adjusted data,"Value added, gross",Czechia,2023-Q2,117.615,,
ESTAT:NAMQ_10_GDP(1.0),30/04/26 11:00:00,Quarterly,"Chain linked volumes, index 2015=100",Seasonally and calendar adjusted data,"Value added, gross",Czechia,2023-Q3,117.346,,
ESTAT:NAMQ_10_GDP(1.0),30/04/26 11:00:00,Quarterly,"Chain linked volumes, index 2015=100",Seasonally and calendar adjusted data,"Value added, gross",Czechia,2023-Q4,117.619,,
ESTAT:NAMQ_10_GDP(1.0),30/04/26 11:00:00,Quarterly,"Chain linked volumes, index 2015=100",Seasonally and calendar adjusted data,"Value added, gross",Czechia,2024-Q1,117.194,,
ESTAT:NAMQ_10_GDP(1.0),30/04/26 11:00:00,Quarterly,"Chain linked volumes, index 2015=100",Seasonally and calendar adjusted data,"Value added, gross",Czechia,2024-Q2,117.616,,
ESTAT:NAMQ_10_GDP(1.0),30/04/26 11:00:00,Quarterly,"Chain linked volumes, index 2015=100",Seasonally and calendar adjusted data,"Value added, gross",Czechia,2024-Q3,118.583,,
ESTAT:NAMQ_10_GDP(1.0),30/04/26 11:00:00,Quarterly,"Chain linked volumes, index 2015=100",Seasonally and calendar adjusted data,"Value added, gross",Czechia,2024-Q4,119.281,,
ESTAT:NAMQ_10_GDP(1.0),30/04/26 11:00:00,Quarterly,"Chain linked volumes, index 2015=100",Seasonally and calendar adjusted data,"Value added, gross",Czechia,2025-Q1,120.253,,
ESTAT:NAMQ_10_GDP(1.0),30/04/26 11:00:00,Quarterly,"Chain linked volumes, index 2015=100",Seasonally and calendar adjusted data,"Value added, gross",Czechia,2025-Q2,120.870,,
ESTAT:NAMQ_10_GDP(1.0),30/04/26 11:00:00,Quarterly,"Chain linked volumes, index 2015=100",Seasonally and calendar adjusted data,"Value added, gross",Czechia,2025-Q3,121.961,,
ESTAT:NAMQ_10_GDP(1.0),30/04/26 11:00:00,Quarterly,"Chain linked volumes, index 2015=100",Seasonally and calendar adjusted data,"Value added, gross",Czechia,2025-Q4,122.528,,
